-- phpMyAdmin SQL Dump
-- version 5.2.1
-- https://www.phpmyadmin.net/
--
-- Host: 127.0.0.1
-- Generation Time: Mar 06, 2024 at 08:48 PM
-- Server version: 10.4.32-MariaDB
-- PHP Version: 8.2.12

SET SQL_MODE = "NO_AUTO_VALUE_ON_ZERO";
START TRANSACTION;
SET time_zone = "+00:00";


/*!40101 SET @OLD_CHARACTER_SET_CLIENT=@@CHARACTER_SET_CLIENT */;
/*!40101 SET @OLD_CHARACTER_SET_RESULTS=@@CHARACTER_SET_RESULTS */;
/*!40101 SET @OLD_COLLATION_CONNECTION=@@COLLATION_CONNECTION */;
/*!40101 SET NAMES utf8mb4 */;

--
-- Database: `flask_db`
--
CREATE DATABASE IF NOT EXISTS `flask_db` DEFAULT CHARACTER SET utf8mb4 COLLATE utf8mb4_general_ci;
USE `flask_db`;

-- --------------------------------------------------------

--
-- Table structure for table `accs_hist`
--

CREATE TABLE `accs_hist` (
  `accs_id` int(11) NOT NULL,
  `accs_date` date NOT NULL,
  `accs_prsn` varchar(3) CHARACTER SET latin1 COLLATE latin1_swedish_ci NOT NULL,
  `accs_added` datetime NOT NULL DEFAULT current_timestamp()
) ENGINE=InnoDB DEFAULT CHARSET=utf8mb4 COLLATE=utf8mb4_unicode_ci;

--
-- Dumping data for table `accs_hist`
--

INSERT INTO `accs_hist` (`accs_id`, `accs_date`, `accs_prsn`, `accs_added`) VALUES
(171, '2024-03-06', '101', '2024-03-06 17:14:32'),
(172, '2024-03-06', '105', '2024-03-06 17:15:01'),
(173, '2024-03-06', '102', '2024-03-06 17:15:15'),
(174, '2024-03-06', '101', '2024-03-06 17:15:34'),
(175, '2024-03-06', '103', '2024-03-06 17:15:46'),
(176, '2024-03-06', '104', '2024-03-06 17:16:00'),
(177, '2024-03-06', '107', '2024-03-06 17:16:13'),
(178, '2024-03-06', '106', '2024-03-06 17:16:43'),
(179, '2024-03-06', '110', '2024-03-06 17:17:14'),
(180, '2024-03-06', '103', '2024-03-06 17:17:44'),
(181, '2024-03-06', '105', '2024-03-06 17:18:11'),
(182, '2024-03-06', '106', '2024-03-06 17:18:28'),
(183, '2024-03-06', '106', '2024-03-06 17:22:04');

-- --------------------------------------------------------

--
-- Table structure for table `class`
--

CREATE TABLE `class` (
  `id` int(11) NOT NULL,
  `code_class` varchar(255) NOT NULL,
  `name_class` text NOT NULL
) ENGINE=InnoDB DEFAULT CHARSET=utf8mb4 COLLATE=utf8mb4_general_ci;

--
-- Dumping data for table `class`
--

INSERT INTO `class` (`id`, `code_class`, `name_class`) VALUES
(1, '233_1SP1418_KS1A_tructiep', 'SP1418 - Chuẩn bị dạy học'),
(2, '231_1TH1336_KS2A_01_tructiep', 'TH1336 - Lập trình Web'),
(3, 'DD01', 'Diem danh');

-- --------------------------------------------------------

--
-- Table structure for table `day_class`
--

CREATE TABLE `day_class` (
  `id` int(11) NOT NULL,
  `id_class` int(11) NOT NULL,
  `datetime` datetime NOT NULL
) ENGINE=InnoDB DEFAULT CHARSET=utf8mb4 COLLATE=utf8mb4_general_ci;

--
-- Dumping data for table `day_class`
--

INSERT INTO `day_class` (`id`, `id_class`, `datetime`) VALUES
(1, 1, '2024-03-06 04:00:00'),
(2, 1, '2024-03-05 13:00:00'),
(3, 3, '2024-03-06 11:12:23'),
(4, 2, '2024-03-07 07:00:00'),
(5, 1, '2024-03-07 07:00:00');

-- --------------------------------------------------------

--
-- Table structure for table `dusers`
--

CREATE TABLE `dusers` (
  `idUser` int(11) NOT NULL,
  `nameUser` varchar(255) DEFAULT NULL,
  `prs_skill` varchar(255) DEFAULT NULL,
  `prs_active` tinyint(1) DEFAULT NULL,
  `prs_added` date DEFAULT NULL
) ENGINE=MyISAM DEFAULT CHARSET=utf8mb4 COLLATE=utf8mb4_general_ci;

--
-- Dumping data for table `dusers`
--

INSERT INTO `dusers` (`idUser`, `nameUser`, `prs_skill`, `prs_active`, `prs_added`) VALUES
(101, 'Khoa', 'Một', NULL, NULL),
(102, 'Thọ', 'Một', NULL, NULL),
(103, 'Huy', 'Một', NULL, NULL),
(104, 'anh', 'Một', NULL, NULL),
(105, 'cường', 'Một', NULL, NULL),
(106, 'Nguyen', 'Một', NULL, NULL),
(107, 'kiet', 'Một', NULL, NULL),
(108, 'Dat', 'Một', NULL, NULL),
(109, 'Khang', 'Một', NULL, NULL),
(110, 'M.Dat', 'Một', NULL, NULL),
(111, 'khai', 'Một', NULL, NULL),
(112, 'Bảo', NULL, NULL, NULL),
(113, 'Bảo 2', NULL, NULL, NULL),
(114, 'Bảo 3', NULL, NULL, NULL);

-- --------------------------------------------------------

--
-- Table structure for table `enroll_dayclass`
--

CREATE TABLE `enroll_dayclass` (
  `id_enrolldayclass` int(11) NOT NULL,
  `idUser` int(11) NOT NULL,
  `id_dayclass` int(11) NOT NULL,
  `status` tinyint(1) NOT NULL,
  `accs_dated` datetime NOT NULL DEFAULT current_timestamp()
) ENGINE=InnoDB DEFAULT CHARSET=utf8mb4 COLLATE=utf8mb4_general_ci;

--
-- Dumping data for table `enroll_dayclass`
--

INSERT INTO `enroll_dayclass` (`id_enrolldayclass`, `idUser`, `id_dayclass`, `status`, `accs_dated`) VALUES
(1, 102, 1, 1, '2024-03-07 00:29:06'),
(2, 102, 2, 1, '2024-03-07 00:29:43'),
(3, 102, 3, 1, '2024-03-07 00:30:23'),
(4, 106, 3, 1, '2024-03-07 00:32:12'),
(5, 105, 1, 1, '2024-03-07 00:38:54'),
(6, 106, 1, 1, '2024-03-07 01:00:24'),
(7, 102, 4, 1, '2024-03-07 01:06:32'),
(8, 105, 4, 1, '2024-03-07 01:06:53'),
(9, 106, 4, 1, '2024-03-07 01:08:49'),
(10, 102, 5, 1, '2024-03-07 01:23:05'),
(11, 106, 5, 1, '2024-03-07 01:32:36'),
(12, 114, 4, 1, '2024-03-07 01:43:36'),
(13, 114, 1, 1, '2024-03-07 01:46:35'),
(14, 114, 3, 1, '2024-03-07 02:20:46');

-- --------------------------------------------------------

--
-- Table structure for table `img_dataset`
--

CREATE TABLE `img_dataset` (
  `img_id` int(11) NOT NULL,
  `img_person` varchar(3) CHARACTER SET latin1 COLLATE latin1_swedish_ci NOT NULL
) ENGINE=InnoDB DEFAULT CHARSET=utf8mb4 COLLATE=utf8mb4_unicode_ci;

--
-- Dumping data for table `img_dataset`
--

INSERT INTO `img_dataset` (`img_id`, `img_person`) VALUES
(1, '101'),
(2, '101'),
(3, '101'),
(4, '101'),
(5, '101'),
(6, '101'),
(7, '101'),
(8, '101'),
(9, '101'),
(10, '101'),
(11, '101'),
(12, '101'),
(13, '101'),
(14, '101'),
(15, '101'),
(16, '101'),
(17, '101'),
(18, '101'),
(19, '101'),
(20, '101'),
(21, '101'),
(22, '101'),
(23, '101'),
(24, '101'),
(25, '101'),
(26, '101'),
(27, '101'),
(28, '101'),
(29, '101'),
(30, '101'),
(31, '101'),
(32, '101'),
(33, '101'),
(34, '101'),
(35, '101'),
(36, '101'),
(37, '101'),
(38, '101'),
(39, '101'),
(40, '101'),
(41, '101'),
(42, '101'),
(43, '101'),
(44, '101'),
(45, '101'),
(46, '101'),
(47, '101'),
(48, '101'),
(49, '101'),
(50, '101'),
(51, '101'),
(52, '101'),
(53, '101'),
(54, '101'),
(55, '101'),
(56, '101'),
(57, '101'),
(58, '101'),
(59, '101'),
(60, '101'),
(61, '101'),
(62, '101'),
(63, '101'),
(64, '101'),
(65, '101'),
(66, '101'),
(67, '101'),
(68, '101'),
(69, '101'),
(70, '101'),
(71, '101'),
(72, '101'),
(73, '101'),
(74, '101'),
(75, '101'),
(76, '101'),
(77, '101'),
(78, '101'),
(79, '101'),
(80, '101'),
(81, '101'),
(82, '101'),
(83, '101'),
(84, '101'),
(85, '101'),
(86, '101'),
(87, '101'),
(88, '101'),
(89, '101'),
(90, '101'),
(91, '101'),
(92, '101'),
(93, '101'),
(94, '101'),
(95, '101'),
(96, '101'),
(97, '101'),
(98, '101'),
(99, '101'),
(100, '101'),
(101, '102'),
(102, '102'),
(103, '102'),
(104, '102'),
(105, '102'),
(106, '102'),
(107, '102'),
(108, '102'),
(109, '102'),
(110, '102'),
(111, '102'),
(112, '102'),
(113, '102'),
(114, '102'),
(115, '102'),
(116, '102'),
(117, '102'),
(118, '102'),
(119, '102'),
(120, '102'),
(121, '102'),
(122, '102'),
(123, '102'),
(124, '102'),
(125, '102'),
(126, '102'),
(127, '102'),
(128, '102'),
(129, '102'),
(130, '102'),
(131, '102'),
(132, '102'),
(133, '102'),
(134, '102'),
(135, '102'),
(136, '102'),
(137, '102'),
(138, '102'),
(139, '102'),
(140, '102'),
(141, '102'),
(142, '102'),
(143, '102'),
(144, '102'),
(145, '102'),
(146, '102'),
(147, '102'),
(148, '102'),
(149, '102'),
(150, '102'),
(151, '102'),
(152, '102'),
(153, '102'),
(154, '102'),
(155, '102'),
(156, '102'),
(157, '102'),
(158, '102'),
(159, '102'),
(160, '102'),
(161, '102'),
(162, '102'),
(163, '102'),
(164, '102'),
(165, '102'),
(166, '102'),
(167, '102'),
(168, '102'),
(169, '102'),
(170, '102'),
(171, '102'),
(172, '102'),
(173, '102'),
(174, '102'),
(175, '102'),
(176, '102'),
(177, '102'),
(178, '102'),
(179, '102'),
(180, '102'),
(181, '102'),
(182, '102'),
(183, '102'),
(184, '102'),
(185, '102'),
(186, '102'),
(187, '102'),
(188, '102'),
(189, '102'),
(190, '102'),
(191, '102'),
(192, '102'),
(193, '102'),
(194, '102'),
(195, '102'),
(196, '102'),
(197, '102'),
(198, '102'),
(199, '102'),
(200, '102'),
(201, '103'),
(202, '103'),
(203, '103'),
(204, '103'),
(205, '103'),
(206, '103'),
(207, '103'),
(208, '103'),
(209, '103'),
(210, '103'),
(211, '103'),
(212, '103'),
(213, '103'),
(214, '103'),
(215, '103'),
(216, '103'),
(217, '103'),
(218, '103'),
(219, '103'),
(220, '103'),
(221, '103'),
(222, '103'),
(223, '103'),
(224, '103'),
(225, '103'),
(226, '103'),
(227, '103'),
(228, '103'),
(229, '103'),
(230, '103'),
(231, '103'),
(232, '103'),
(233, '103'),
(234, '103'),
(235, '103'),
(236, '103'),
(237, '103'),
(238, '103'),
(239, '103'),
(240, '103'),
(241, '103'),
(242, '103'),
(243, '103'),
(244, '103'),
(245, '103'),
(246, '103'),
(247, '103'),
(248, '103'),
(249, '103'),
(250, '103'),
(251, '103'),
(252, '103'),
(253, '103'),
(254, '103'),
(255, '103'),
(256, '103'),
(257, '103'),
(258, '103'),
(259, '103'),
(260, '103'),
(261, '103'),
(262, '103'),
(263, '103'),
(264, '103'),
(265, '103'),
(266, '103'),
(267, '103'),
(268, '103'),
(269, '103'),
(270, '103'),
(271, '103'),
(272, '103'),
(273, '103'),
(274, '103'),
(275, '103'),
(276, '103'),
(277, '103'),
(278, '103'),
(279, '103'),
(280, '103'),
(281, '103'),
(282, '103'),
(283, '103'),
(284, '103'),
(285, '103'),
(286, '103'),
(287, '103'),
(288, '103'),
(289, '103'),
(290, '103'),
(291, '103'),
(292, '103'),
(293, '103'),
(294, '103'),
(295, '103'),
(296, '103'),
(297, '103'),
(298, '103'),
(299, '103'),
(300, '103'),
(301, '104'),
(302, '104'),
(303, '104'),
(304, '104'),
(305, '104'),
(306, '104'),
(307, '104'),
(308, '104'),
(309, '104'),
(310, '104'),
(311, '104'),
(312, '104'),
(313, '104'),
(314, '104'),
(315, '104'),
(316, '104'),
(317, '104'),
(318, '104'),
(319, '104'),
(320, '104'),
(321, '104'),
(322, '104'),
(323, '104'),
(324, '104'),
(325, '104'),
(326, '104'),
(327, '104'),
(328, '104'),
(329, '104'),
(330, '104'),
(331, '104'),
(332, '104'),
(333, '104'),
(334, '104'),
(335, '104'),
(336, '104'),
(337, '104'),
(338, '104'),
(339, '104'),
(340, '104'),
(341, '104'),
(342, '104'),
(343, '104'),
(344, '104'),
(345, '104'),
(346, '104'),
(347, '104'),
(348, '104'),
(349, '104'),
(350, '104'),
(351, '104'),
(352, '104'),
(353, '104'),
(354, '104'),
(355, '104'),
(356, '104'),
(357, '104'),
(358, '104'),
(359, '104'),
(360, '104'),
(361, '104'),
(362, '104'),
(363, '104'),
(364, '104'),
(365, '104'),
(366, '104'),
(367, '104'),
(368, '104'),
(369, '104'),
(370, '104'),
(371, '104'),
(372, '104'),
(373, '104'),
(374, '104'),
(375, '104'),
(376, '104'),
(377, '104'),
(378, '104'),
(379, '104'),
(380, '104'),
(381, '104'),
(382, '104'),
(383, '104'),
(384, '104'),
(385, '104'),
(386, '104'),
(387, '104'),
(388, '104'),
(389, '104'),
(390, '104'),
(391, '104'),
(392, '104'),
(393, '104'),
(394, '104'),
(395, '104'),
(396, '104'),
(397, '104'),
(398, '104'),
(399, '104'),
(400, '104'),
(401, '105'),
(402, '105'),
(403, '105'),
(404, '105'),
(405, '105'),
(406, '105'),
(407, '105'),
(408, '105'),
(409, '105'),
(410, '105'),
(411, '105'),
(412, '105'),
(413, '105'),
(414, '105'),
(415, '105'),
(416, '105'),
(417, '105'),
(418, '105'),
(419, '105'),
(420, '105'),
(421, '105'),
(422, '105'),
(423, '105'),
(424, '105'),
(425, '105'),
(426, '105'),
(427, '105'),
(428, '105'),
(429, '105'),
(430, '105'),
(431, '105'),
(432, '105'),
(433, '105'),
(434, '105'),
(435, '105'),
(436, '105'),
(437, '105'),
(438, '105'),
(439, '105'),
(440, '105'),
(441, '105'),
(442, '105'),
(443, '105'),
(444, '105'),
(445, '105'),
(446, '105'),
(447, '105'),
(448, '105'),
(449, '105'),
(450, '105'),
(451, '105'),
(452, '105'),
(453, '105'),
(454, '105'),
(455, '105'),
(456, '105'),
(457, '105'),
(458, '105'),
(459, '105'),
(460, '105'),
(461, '105'),
(462, '105'),
(463, '105'),
(464, '105'),
(465, '105'),
(466, '105'),
(467, '105'),
(468, '105'),
(469, '105'),
(470, '105'),
(471, '105'),
(472, '105'),
(473, '105'),
(474, '105'),
(475, '105'),
(476, '105'),
(477, '105'),
(478, '105'),
(479, '105'),
(480, '105'),
(481, '105'),
(482, '105'),
(483, '105'),
(484, '105'),
(485, '105'),
(486, '105'),
(487, '105'),
(488, '105'),
(489, '105'),
(490, '105'),
(491, '105'),
(492, '105'),
(493, '105'),
(494, '105'),
(495, '105'),
(496, '105'),
(497, '105'),
(498, '105'),
(499, '105'),
(500, '105'),
(501, '106'),
(502, '106'),
(503, '106'),
(504, '106'),
(505, '106'),
(506, '106'),
(507, '106'),
(508, '106'),
(509, '106'),
(510, '106'),
(511, '106'),
(512, '106'),
(513, '106'),
(514, '106'),
(515, '106'),
(516, '106'),
(517, '106'),
(518, '106'),
(519, '106'),
(520, '106'),
(521, '106'),
(522, '106'),
(523, '106'),
(524, '106'),
(525, '106'),
(526, '106'),
(527, '106'),
(528, '106'),
(529, '106'),
(530, '106'),
(531, '106'),
(532, '106'),
(533, '106'),
(534, '106'),
(535, '106'),
(536, '106'),
(537, '106'),
(538, '106'),
(539, '106'),
(540, '106'),
(541, '106'),
(542, '106'),
(543, '106'),
(544, '106'),
(545, '106'),
(546, '106'),
(547, '106'),
(548, '106'),
(549, '106'),
(550, '106'),
(551, '106'),
(552, '106'),
(553, '106'),
(554, '106'),
(555, '106'),
(556, '106'),
(557, '106'),
(558, '106'),
(559, '106'),
(560, '106'),
(561, '106'),
(562, '106'),
(563, '106'),
(564, '106'),
(565, '106'),
(566, '106'),
(567, '106'),
(568, '106'),
(569, '106'),
(570, '106'),
(571, '106'),
(572, '106'),
(573, '106'),
(574, '106'),
(575, '106'),
(576, '106'),
(577, '106'),
(578, '106'),
(579, '106'),
(580, '106'),
(581, '106'),
(582, '106'),
(583, '106'),
(584, '106'),
(585, '106'),
(586, '106'),
(587, '106'),
(588, '106'),
(589, '106'),
(590, '106'),
(591, '106'),
(592, '106'),
(593, '106'),
(594, '106'),
(595, '106'),
(596, '106'),
(597, '106'),
(598, '106'),
(599, '106'),
(600, '106'),
(601, '107'),
(602, '107'),
(603, '107'),
(604, '107'),
(605, '107'),
(606, '107'),
(607, '107'),
(608, '107'),
(609, '107'),
(610, '107'),
(611, '107'),
(612, '107'),
(613, '107'),
(614, '107'),
(615, '107'),
(616, '107'),
(617, '107'),
(618, '107'),
(619, '107'),
(620, '107'),
(621, '107'),
(622, '107'),
(623, '107'),
(624, '107'),
(625, '107'),
(626, '107'),
(627, '107'),
(628, '107'),
(629, '107'),
(630, '107'),
(631, '107'),
(632, '107'),
(633, '107'),
(634, '107'),
(635, '107'),
(636, '107'),
(637, '107'),
(638, '107'),
(639, '107'),
(640, '107'),
(641, '107'),
(642, '107'),
(643, '107'),
(644, '107'),
(645, '107'),
(646, '107'),
(647, '107'),
(648, '107'),
(649, '107'),
(650, '107'),
(651, '107'),
(652, '107'),
(653, '107'),
(654, '107'),
(655, '107'),
(656, '107'),
(657, '107'),
(658, '107'),
(659, '107'),
(660, '107'),
(661, '107'),
(662, '107'),
(663, '107'),
(664, '107'),
(665, '107'),
(666, '107'),
(667, '107'),
(668, '107'),
(669, '107'),
(670, '107'),
(671, '107'),
(672, '107'),
(673, '107'),
(674, '107'),
(675, '107'),
(676, '107'),
(677, '107'),
(678, '107'),
(679, '107'),
(680, '107'),
(681, '107'),
(682, '107'),
(683, '107'),
(684, '107'),
(685, '107'),
(686, '107'),
(687, '107'),
(688, '107'),
(689, '107'),
(690, '107'),
(691, '107'),
(692, '107'),
(693, '107'),
(694, '107'),
(695, '107'),
(696, '107'),
(697, '107'),
(698, '107'),
(699, '107'),
(700, '107'),
(701, '108'),
(702, '108'),
(703, '108'),
(704, '108'),
(705, '108'),
(706, '108'),
(707, '108'),
(708, '108'),
(709, '108'),
(710, '108'),
(711, '108'),
(712, '108'),
(713, '108'),
(714, '108'),
(715, '108'),
(716, '108'),
(717, '108'),
(718, '108'),
(719, '108'),
(720, '108'),
(721, '108'),
(722, '108'),
(723, '108'),
(724, '108'),
(725, '108'),
(726, '108'),
(727, '108'),
(728, '108'),
(729, '108'),
(730, '108'),
(731, '108'),
(732, '108'),
(733, '108'),
(734, '108'),
(735, '108'),
(736, '108'),
(737, '108'),
(738, '108'),
(739, '108'),
(740, '108'),
(741, '108'),
(742, '108'),
(743, '108'),
(744, '108'),
(745, '108'),
(746, '108'),
(747, '108'),
(748, '108'),
(749, '108'),
(750, '108'),
(751, '108'),
(752, '108'),
(753, '108'),
(754, '108'),
(755, '108'),
(756, '108'),
(757, '108'),
(758, '108'),
(759, '108'),
(760, '108'),
(761, '108'),
(762, '108'),
(763, '108'),
(764, '108'),
(765, '108'),
(766, '108'),
(767, '108'),
(768, '108'),
(769, '108'),
(770, '108'),
(771, '108'),
(772, '108'),
(773, '108'),
(774, '108'),
(775, '108'),
(776, '108'),
(777, '108'),
(778, '108'),
(779, '108'),
(780, '108'),
(781, '108'),
(782, '108'),
(783, '108'),
(784, '108'),
(785, '108'),
(786, '108'),
(787, '108'),
(788, '108'),
(789, '108'),
(790, '108'),
(791, '108'),
(792, '108'),
(793, '108'),
(794, '108'),
(795, '108'),
(796, '108'),
(797, '108'),
(798, '108'),
(799, '108'),
(800, '108'),
(801, '109'),
(802, '109'),
(803, '109'),
(804, '109'),
(805, '109'),
(806, '109'),
(807, '109'),
(808, '109'),
(809, '109'),
(810, '109'),
(811, '109'),
(812, '109'),
(813, '109'),
(814, '109'),
(815, '109'),
(816, '109'),
(817, '109'),
(818, '109'),
(819, '109'),
(820, '109'),
(821, '109'),
(822, '109'),
(823, '109'),
(824, '109'),
(825, '109'),
(826, '109'),
(827, '109'),
(828, '109'),
(829, '109'),
(830, '109'),
(831, '109'),
(832, '109'),
(833, '109'),
(834, '109'),
(835, '109'),
(836, '109'),
(837, '109'),
(838, '109'),
(839, '109'),
(840, '109'),
(841, '109'),
(842, '109'),
(843, '109'),
(844, '109'),
(845, '109'),
(846, '109'),
(847, '109'),
(848, '109'),
(849, '109'),
(850, '109'),
(851, '109'),
(852, '109'),
(853, '109'),
(854, '109'),
(855, '109'),
(856, '109'),
(857, '109'),
(858, '109'),
(859, '109'),
(860, '109'),
(861, '109'),
(862, '109'),
(863, '109'),
(864, '109'),
(865, '109'),
(866, '109'),
(867, '109'),
(868, '109'),
(869, '109'),
(870, '109'),
(871, '109'),
(872, '109'),
(873, '109'),
(874, '109'),
(875, '109'),
(876, '109'),
(877, '109'),
(878, '109'),
(879, '109'),
(880, '109'),
(881, '109'),
(882, '109'),
(883, '109'),
(884, '109'),
(885, '109'),
(886, '109'),
(887, '109'),
(888, '109'),
(889, '109'),
(890, '109'),
(891, '109'),
(892, '109'),
(893, '109'),
(894, '109'),
(895, '109'),
(896, '109'),
(897, '109'),
(898, '109'),
(899, '109'),
(900, '109'),
(901, '110'),
(902, '110'),
(903, '110'),
(904, '110'),
(905, '110'),
(906, '110'),
(907, '110'),
(908, '110'),
(909, '110'),
(910, '110'),
(911, '110'),
(912, '110'),
(913, '110'),
(914, '110'),
(915, '110'),
(916, '110'),
(917, '110'),
(918, '110'),
(919, '110'),
(920, '110'),
(921, '110'),
(922, '110'),
(923, '110'),
(924, '110'),
(925, '110'),
(926, '110'),
(927, '110'),
(928, '110'),
(929, '110'),
(930, '110'),
(931, '110'),
(932, '110'),
(933, '110'),
(934, '110'),
(935, '110'),
(936, '110'),
(937, '110'),
(938, '110'),
(939, '110'),
(940, '110'),
(941, '110'),
(942, '110'),
(943, '110'),
(944, '110'),
(945, '110'),
(946, '110'),
(947, '110'),
(948, '110'),
(949, '110'),
(950, '110'),
(951, '110'),
(952, '110'),
(953, '110'),
(954, '110'),
(955, '110'),
(956, '110'),
(957, '110'),
(958, '110'),
(959, '110'),
(960, '110'),
(961, '110'),
(962, '110'),
(963, '110'),
(964, '110'),
(965, '110'),
(966, '110'),
(967, '110'),
(968, '110'),
(969, '110'),
(970, '110'),
(971, '110'),
(972, '110'),
(973, '110'),
(974, '110'),
(975, '110'),
(976, '110'),
(977, '110'),
(978, '110'),
(979, '110'),
(980, '110'),
(981, '110'),
(982, '110'),
(983, '110'),
(984, '110'),
(985, '110'),
(986, '110'),
(987, '110'),
(988, '110'),
(989, '110'),
(990, '110'),
(991, '110'),
(992, '110'),
(993, '110'),
(994, '110'),
(995, '110'),
(996, '110'),
(997, '110'),
(998, '110'),
(999, '110'),
(1000, '110'),
(1001, '111'),
(1002, '111'),
(1003, '111'),
(1004, '111'),
(1005, '111'),
(1006, '111'),
(1007, '111'),
(1008, '111'),
(1009, '111'),
(1010, '111'),
(1011, '111'),
(1012, '111'),
(1013, '111'),
(1014, '111'),
(1015, '111'),
(1016, '111'),
(1017, '111'),
(1018, '111'),
(1019, '111'),
(1020, '111'),
(1021, '111'),
(1022, '111'),
(1023, '111'),
(1024, '111'),
(1025, '111'),
(1026, '111'),
(1027, '111'),
(1028, '111'),
(1029, '111'),
(1030, '111'),
(1031, '111'),
(1032, '111'),
(1033, '111'),
(1034, '111'),
(1035, '111'),
(1036, '111'),
(1037, '111'),
(1038, '111'),
(1039, '111'),
(1040, '111'),
(1041, '111'),
(1042, '111'),
(1043, '111'),
(1044, '111'),
(1045, '111'),
(1046, '111'),
(1047, '111'),
(1048, '111'),
(1049, '111'),
(1050, '111'),
(1051, '111'),
(1052, '111'),
(1053, '111'),
(1054, '111'),
(1055, '111'),
(1056, '111'),
(1057, '111'),
(1058, '111'),
(1059, '111'),
(1060, '111'),
(1061, '111'),
(1062, '111'),
(1063, '111'),
(1064, '111'),
(1065, '111'),
(1066, '111'),
(1067, '111'),
(1068, '111'),
(1069, '111'),
(1070, '111'),
(1071, '111'),
(1072, '111'),
(1073, '111'),
(1074, '111'),
(1075, '111'),
(1076, '111'),
(1077, '111'),
(1078, '111'),
(1079, '111'),
(1080, '111'),
(1081, '111'),
(1082, '111'),
(1083, '111'),
(1084, '111'),
(1085, '111'),
(1086, '111'),
(1087, '111'),
(1088, '111'),
(1089, '111'),
(1090, '111'),
(1091, '111'),
(1092, '111'),
(1093, '111'),
(1094, '111'),
(1095, '111'),
(1096, '111'),
(1097, '111'),
(1098, '111'),
(1099, '111'),
(1100, '111'),
(1101, '114'),
(1102, '114'),
(1103, '114'),
(1104, '114'),
(1105, '114'),
(1106, '114'),
(1107, '114'),
(1108, '114'),
(1109, '114'),
(1110, '114'),
(1111, '114'),
(1112, '114'),
(1113, '114'),
(1114, '114'),
(1115, '114'),
(1116, '114'),
(1117, '114'),
(1118, '114'),
(1119, '114'),
(1120, '114'),
(1121, '114'),
(1122, '114'),
(1123, '114'),
(1124, '114'),
(1125, '114'),
(1126, '114'),
(1127, '114'),
(1128, '114'),
(1129, '114'),
(1130, '114'),
(1131, '114'),
(1132, '114'),
(1133, '114'),
(1134, '114'),
(1135, '114'),
(1136, '114'),
(1137, '114'),
(1138, '114'),
(1139, '114'),
(1140, '114'),
(1141, '114'),
(1142, '114'),
(1143, '114'),
(1144, '114'),
(1145, '114'),
(1146, '114'),
(1147, '114'),
(1148, '114'),
(1149, '114'),
(1150, '114'),
(1151, '114'),
(1152, '114'),
(1153, '114'),
(1154, '114'),
(1155, '114'),
(1156, '114'),
(1157, '114'),
(1158, '114'),
(1159, '114'),
(1160, '114'),
(1161, '114'),
(1162, '114'),
(1163, '114'),
(1164, '114'),
(1165, '114'),
(1166, '114'),
(1167, '114'),
(1168, '114'),
(1169, '114'),
(1170, '114'),
(1171, '114'),
(1172, '114'),
(1173, '114'),
(1174, '114'),
(1175, '114'),
(1176, '114'),
(1177, '114'),
(1178, '114'),
(1179, '114'),
(1180, '114'),
(1181, '114'),
(1182, '114'),
(1183, '114'),
(1184, '114'),
(1185, '114'),
(1186, '114'),
(1187, '114'),
(1188, '114'),
(1189, '114'),
(1190, '114'),
(1191, '114'),
(1192, '114'),
(1193, '114'),
(1194, '114'),
(1195, '114'),
(1196, '114'),
(1197, '114'),
(1198, '114'),
(1199, '114'),
(1200, '114');

-- --------------------------------------------------------

--
-- Table structure for table `users`
--

CREATE TABLE `users` (
  `id` int(11) NOT NULL,
  `username` varchar(12) NOT NULL,
  `password` varchar(12) NOT NULL
) ENGINE=InnoDB DEFAULT CHARSET=utf8mb4 COLLATE=utf8mb4_general_ci;

--
-- Dumping data for table `users`
--

INSERT INTO `users` (`id`, `username`, `password`) VALUES
(1, 'huuthocse', '123456'),
(2, 'admin', 'admin');

--
-- Indexes for dumped tables
--

--
-- Indexes for table `accs_hist`
--
ALTER TABLE `accs_hist`
  ADD PRIMARY KEY (`accs_id`),
  ADD KEY `accs_date` (`accs_date`);

--
-- Indexes for table `class`
--
ALTER TABLE `class`
  ADD PRIMARY KEY (`id`);

--
-- Indexes for table `day_class`
--
ALTER TABLE `day_class`
  ADD PRIMARY KEY (`id`),
  ADD KEY `fk_day_class` (`id_class`);

--
-- Indexes for table `dusers`
--
ALTER TABLE `dusers`
  ADD PRIMARY KEY (`idUser`);

--
-- Indexes for table `enroll_dayclass`
--
ALTER TABLE `enroll_dayclass`
  ADD PRIMARY KEY (`id_enrolldayclass`),
  ADD UNIQUE KEY `idUser` (`idUser`,`id_dayclass`);

--
-- Indexes for table `img_dataset`
--
ALTER TABLE `img_dataset`
  ADD PRIMARY KEY (`img_id`);

--
-- Indexes for table `users`
--
ALTER TABLE `users`
  ADD PRIMARY KEY (`id`);

--
-- AUTO_INCREMENT for dumped tables
--

--
-- AUTO_INCREMENT for table `accs_hist`
--
ALTER TABLE `accs_hist`
  MODIFY `accs_id` int(11) NOT NULL AUTO_INCREMENT, AUTO_INCREMENT=184;

--
-- AUTO_INCREMENT for table `class`
--
ALTER TABLE `class`
  MODIFY `id` int(11) NOT NULL AUTO_INCREMENT, AUTO_INCREMENT=4;

--
-- AUTO_INCREMENT for table `day_class`
--
ALTER TABLE `day_class`
  MODIFY `id` int(11) NOT NULL AUTO_INCREMENT, AUTO_INCREMENT=6;

--
-- AUTO_INCREMENT for table `enroll_dayclass`
--
ALTER TABLE `enroll_dayclass`
  MODIFY `id_enrolldayclass` int(11) NOT NULL AUTO_INCREMENT, AUTO_INCREMENT=15;

--
-- AUTO_INCREMENT for table `users`
--
ALTER TABLE `users`
  MODIFY `id` int(11) NOT NULL AUTO_INCREMENT, AUTO_INCREMENT=3;

--
-- Constraints for dumped tables
--

--
-- Constraints for table `day_class`
--
ALTER TABLE `day_class`
  ADD CONSTRAINT `fk_day_class` FOREIGN KEY (`id_class`) REFERENCES `class` (`id`) ON DELETE CASCADE ON UPDATE CASCADE;
COMMIT;

/*!40101 SET CHARACTER_SET_CLIENT=@OLD_CHARACTER_SET_CLIENT */;
/*!40101 SET CHARACTER_SET_RESULTS=@OLD_CHARACTER_SET_RESULTS */;
/*!40101 SET COLLATION_CONNECTION=@OLD_COLLATION_CONNECTION */;
